<?xml version="1.0" encoding="UTF-8"?>
  <SupportAssistPrebootDiagnosticLog>
    <Schema>1.0.0</Schema>
    <LogNumber>51</LogNumber>
    <LogTimeStamp>11/27/2020 16:21:35</LogTimeStamp>
    <ePSA_Data>
      <Result>Abort</Result>
      <DevicesTested>Memory, Hard Drive</DevicesTested>
      <ePSAFullVersion>4306.11</ePSAFullVersion>
      <ePSAInvocationCount>4</ePSAInvocationCount>
    </ePSA_Data>
    <BIOS_Data>
      <ErrorCategory>NO_BOOT</ErrorCategory>
      <ErrorMessage><![CDATA[No bootable devices found.
]]></ErrorMessage>
      <SOS_Available>FALSE</SOS_Available>
      <TimeOutSeconds>0</TimeOutSeconds>
    </BIOS_Data>
  </SupportAssistPrebootDiagnosticLog>
